,0
0,int64
1,int64
2,int64
3,int64
4,int64
5,int64
6,int64
7,int64
8,int64
9,int64
10,int64
11,int64
12,int64
13,int64
14,int64
15,int64
16,int64
17,int64
18,int64
19,int64
20,int64
21,int64
22,int64
23,int64
24,int64
25,int64
26,int64
27,int64
28,int64
29,int64
30,int64
31,int64
32,int64
33,int64
34,int64
35,int64
36,int64
37,int64
38,int64
39,int64
40,int64
41,int64
42,int64
43,int64
44,int64
45,int64
46,int64
47,int64
48,int64
49,int64
50,int64
51,int64
52,int64
53,int64
54,int64
55,int64
56,int64
57,int64
58,int64
59,int64
60,int64
61,int64
62,int64
63,int64
64,int64
65,int64
66,int64
67,int64
68,int64
69,int64
70,int64
71,int64
72,int64
73,int64
74,int64
75,int64
76,int64
77,int64
78,int64
79,int64
80,int64
81,int64
82,int64
83,int64
84,int64
85,int64
86,int64
87,int64
88,int64
89,int64
90,int64
91,int64
92,int64
93,int64
94,int64
95,int64
96,int64
97,int64
98,int64
99,int64
100,int64
101,int64
102,int64
103,int64
104,int64
105,int64
106,int64
107,int64
108,int64
109,int64
110,int64
111,int64
112,int64
113,int64
114,int64
115,int64
116,int64
117,int64
118,int64
119,int64
120,int64
121,int64
122,int64
123,int64
124,int64
125,int64
126,int64
127,int64
128,int64
129,int64
130,int64
131,int64
132,int64
133,int64
134,int64
135,int64
136,int64
137,int64
138,int64
139,int64
140,int64
141,int64
142,int64
143,int64
144,int64
145,int64
146,int64
147,int64
148,int64
149,int64
150,int64
151,int64
152,int64
153,int64
154,int64
155,int64
156,int64
157,int64
158,int64
159,int64
160,int64
161,int64
162,int64
163,int64
164,int64
165,int64
166,int64
167,int64
168,int64
169,int64
170,int64
171,int64
172,int64
173,int64
174,int64
175,int64
176,int64
177,int64
178,int64
179,int64
180,int64
181,int64
182,int64
183,int64
184,int64
185,int64
186,int64
187,int64
188,int64
189,int64
190,int64
191,int64
192,int64
193,int64
194,int64
195,int64
196,int64
197,int64
198,int64
199,int64
200,int64
201,int64
202,int64
203,int64
204,int64
205,int64
206,int64
207,int64
208,int64
209,int64
210,int64
211,int64
212,int64
213,int64
214,int64
215,int64
216,int64
217,int64
218,int64
219,int64
220,int64
221,int64
222,int64
223,int64
224,int64
225,int64
226,int64
227,int64
228,int64
229,int64
230,int64
231,int64
232,int64
233,int64
234,int64
235,int64
236,int64
237,int64
238,int64
239,int64
240,int64
241,int64
242,int64
243,int64
244,int64
245,int64
246,int64
247,int64
248,int64
249,int64
250,int64
251,int64
252,int64
253,int64
254,int64
255,int64
256,int64
257,int64
258,int64
259,int64
260,int64
261,int64
262,int64
263,int64
264,int64
265,int64
266,int64
267,int64
268,int64
269,int64
270,int64
271,int64
272,int64
273,int64
274,int64
275,int64
276,int64
277,int64
278,int64
279,int64
280,int64
281,int64
282,int64
283,int64
284,int64
285,int64
286,int64
287,int64
288,int64
289,int64
290,int64
291,int64
292,int64
293,int64
294,int64
295,int64
296,int64
297,int64
298,int64
299,int64
300,int64
301,int64
302,int64
303,int64
304,int64
305,int64
306,int64
307,int64
308,int64
309,int64
310,int64
311,int64
312,int64
313,int64
314,int64
315,int64
316,int64
317,int64
318,int64
319,int64
320,int64
321,int64
322,int64
323,int64
324,int64
325,int64
326,int64
327,int64
328,int64
329,int64
330,int64
331,int64
332,int64
333,int64
334,int64
335,int64
336,int64
337,int64
338,int64
339,int64
340,int64
341,int64
342,int64
343,int64
344,int64
345,int64
346,int64
347,int64
348,int64
349,int64
350,int64
351,int64
352,int64
353,int64
354,int64
355,int64
356,int64
357,int64
358,int64
359,int64
360,int64
361,int64
362,int64
363,int64
364,int64
365,int64
366,int64
367,int64
368,int64
369,int64
370,int64
371,int64
372,int64
373,int64
374,int64
375,int64
376,int64
377,int64
378,int64
379,int64
380,int64
381,int64
382,int64
383,int64
384,int64
385,int64
386,int64
387,int64
388,int64
389,int64
390,int64
391,int64
392,int64
393,int64
394,int64
395,int64
396,int64
397,int64
398,int64
399,int64
400,int64
401,int64
402,int64
403,int64
404,int64
405,int64
406,int64
407,int64
408,int64
409,int64
410,int64
411,int64
412,int64
413,int64
414,int64
415,int64
416,int64
417,int64
418,int64
419,int64
420,int64
421,int64
422,int64
423,int64
424,int64
425,int64
426,int64
427,int64
428,int64
429,int64
430,int64
431,int64
432,int64
433,int64
434,int64
435,int64
436,int64
437,int64
438,int64
439,int64
440,int64
441,int64
442,int64
443,int64
444,int64
445,int64
446,int64
447,int64
448,int64
449,int64
450,int64
451,int64
452,int64
453,int64
454,int64
455,int64
456,int64
457,int64
458,int64
459,int64
460,int64
461,int64
462,int64
463,int64
464,int64
465,int64
466,int64
467,int64
468,int64
469,int64
470,int64
471,int64
472,int64
473,int64
474,int64
475,int64
476,int64
477,int64
478,int64
479,int64
480,int64
481,int64
482,int64
483,int64
484,int64
485,int64
486,int64
487,int64
488,int64
489,int64
490,int64
491,int64
492,int64
493,int64
494,int64
495,int64
496,int64
497,int64
498,int64
499,int64
500,int64
501,int64
502,int64
503,int64
504,int64
505,int64
506,int64
507,int64
508,int64
509,int64
510,int64
511,int64
512,int64
513,int64
514,int64
515,int64
516,int64
517,int64
518,int64
519,int64
520,int64
521,int64
522,int64
523,int64
524,int64
525,int64
526,int64
527,int64
528,int64
529,int64
530,int64
531,int64
532,int64
533,int64
534,int64
535,int64
536,int64
537,int64
538,int64
539,int64
540,int64
541,int64
542,int64
543,int64
544,int64
545,int64
546,int64
547,int64
548,int64
549,int64
550,int64
551,int64
552,int64
553,int64
554,int64
555,int64
556,int64
557,int64
558,int64
559,int64
560,int64
561,int64
562,int64
563,int64
564,int64
565,int64
566,int64
567,int64
568,int64
569,int64
570,int64
571,int64
572,int64
573,int64
574,int64
575,int64
576,int64
577,int64
578,int64
579,int64
580,int64
581,int64
582,int64
583,int64
584,int64
585,int64
586,int64
587,int64
588,int64
589,int64
590,int64
591,int64
592,int64
593,int64
594,int64
595,int64
596,int64
597,int64
598,int64
599,int64
600,int64
601,int64
602,int64
603,int64
604,int64
605,int64
606,int64
607,int64
608,int64
609,int64
610,int64
611,int64
612,int64
613,int64
614,int64
615,int64
616,int64
617,int64
618,int64
619,int64
620,int64
621,int64
622,int64
623,int64
624,int64
625,int64
626,int64
627,int64
628,int64
629,int64
630,int64
631,int64
632,int64
633,int64
634,int64
635,int64
636,int64
637,int64
638,int64
639,int64
640,int64
641,int64
642,int64
643,int64
644,int64
645,int64
646,int64
647,int64
648,int64
649,int64
650,int64
651,int64
652,int64
653,int64
654,int64
655,int64
656,int64
657,int64
658,int64
659,int64
660,int64
661,int64
662,int64
663,int64
664,int64
665,int64
666,int64
667,int64
668,int64
669,int64
670,int64
671,int64
672,int64
673,int64
674,int64
675,int64
676,int64
677,int64
678,int64
679,int64
680,int64
681,int64
682,int64
683,int64
684,int64
685,int64
686,int64
687,int64
688,int64
689,int64
690,int64
691,int64
692,int64
693,int64
694,int64
695,int64
696,int64
697,int64
698,int64
699,int64
700,int64
701,int64
702,int64
703,int64
704,int64
705,int64
706,int64
707,int64
708,int64
709,int64
710,int64
711,int64
712,int64
713,int64
714,int64
715,int64
716,int64
717,int64
718,int64
719,int64
720,int64
721,int64
722,int64
723,int64
724,int64
725,int64
726,int64
727,int64
728,int64
729,int64
730,int64
731,int64
732,int64
733,int64
734,int64
735,int64
736,int64
737,int64
738,int64
739,int64
740,int64
741,int64
742,int64
743,int64
744,int64
745,int64
746,int64
747,int64
748,int64
749,int64
750,int64
751,int64
752,int64
753,int64
754,int64
755,int64
756,int64
757,int64
758,int64
759,int64
760,int64
761,int64
762,int64
763,int64
764,int64
765,int64
766,int64
767,int64
768,int64
769,int64
770,int64
771,int64
772,int64
773,int64
774,int64
775,int64
776,int64
777,int64
778,int64
779,int64
780,int64
781,int64
782,int64
783,int64
784,int64
785,int64
786,int64
787,int64
788,int64
789,int64
790,int64
791,int64
792,int64
793,int64
794,int64
795,int64
796,int64
797,int64
798,int64
799,int64
800,int64
801,int64
802,int64
803,int64
804,int64
805,int64
806,int64
807,int64
808,int64
809,int64
810,int64
811,int64
812,int64
813,int64
814,int64
815,int64
816,int64
817,int64
818,int64
819,int64
820,int64
821,int64
822,int64
823,int64
824,int64
825,int64
826,int64
827,int64
828,int64
829,int64
830,int64
831,int64
832,int64
833,int64
834,int64
835,int64
836,int64
837,int64
838,int64
839,int64
840,int64
841,int64
842,int64
843,int64
844,int64
845,int64
846,int64
847,int64
848,int64
849,int64
850,int64
851,int64
852,int64
853,int64
854,int64
855,int64
856,int64
857,int64
858,int64
859,int64
860,int64
861,int64
862,int64
863,int64
864,int64
865,int64
866,int64
867,int64
868,int64
869,int64
870,int64
871,int64
872,int64
873,int64
874,int64
875,int64
876,int64
877,int64
878,int64
879,int64
880,int64
881,int64
882,int64
883,int64
884,int64
885,int64
886,int64
887,int64
888,int64
889,int64
890,int64
891,int64
892,int64
893,int64
894,int64
895,int64
896,int64
897,int64
898,int64
899,int64
900,int64
901,int64
902,int64
903,int64
904,int64
905,int64
906,int64
907,int64
908,int64
909,int64
910,int64
911,int64
912,int64
913,int64
914,int64
915,int64
916,int64
917,int64
918,int64
919,int64
920,int64
921,int64
922,int64
923,int64
924,int64
925,int64
926,int64
927,int64
928,int64
929,int64
930,int64
931,int64
932,int64
933,int64
934,int64
935,int64
936,int64
937,int64
938,int64
939,int64
940,int64
941,int64
942,int64
943,int64
944,int64
945,int64
946,int64
947,int64
948,int64
949,int64
950,int64
951,int64
952,int64
953,int64
954,int64
955,int64
956,int64
957,int64
958,int64
959,int64
960,int64
961,int64
962,int64
963,int64
964,int64
965,int64
966,int64
967,int64
968,int64
969,int64
970,int64
971,int64
972,int64
973,int64
974,int64
975,int64
976,int64
977,int64
978,int64
979,int64
980,int64
981,int64
982,int64
983,int64
984,int64
985,int64
986,int64
987,int64
988,int64
989,int64
990,int64
991,int64
992,int64
993,int64
994,int64
995,int64
996,int64
997,int64
998,int64
999,int64
1000,int64
1001,int64
1002,int64
1003,int64
1004,int64
1005,int64
1006,int64
1007,int64
1008,int64
1009,int64
1010,int64
1011,int64
1012,int64
1013,int64
1014,int64
1015,int64
1016,int64
1017,int64
1018,int64
1019,int64
1020,int64
1021,int64
1022,int64
1023,int64
1024,category
